video_id,title,published_at,views,likes,comments,duration_sec,topic,Engagement_Rate,Like_To_View_Ratio,Performance_Category,Channel_ID,Channel_Name,Subscribers
mock-figuring-out-huberman-habits,Andrew Huberman: Become Mentally Dangerous With These Daily Habits,2025-08-12T14:00:00Z,2840000,86400,3280,5184,Psychology & Focus,3.1577464788732392,0.030422535211267605,High Engagement,@rajshamani,Raj Shamani,5800000
mock-figuring-out-neuroscientist-focus,Neuroscientist Guide To 10X Your Focus & Memory,2025-07-24T14:00:00Z,1960000,59800,2140,4620,Health & Brain Science,3.1602040816326533,0.030510204081632655,High Engagement,@rajshamani,Raj Shamani,5800000
mock-figuring-out-vip-security,Protecting the President: Security & VIP Threats,2025-06-30T14:00:00Z,1420000,42100,1760,4080,Leadership,3.0887323943661973,0.02964788732394366,High Engagement,@rajshamani,Raj Shamani,5800000
mock-figuring-out-brain-science,"Top Brain Scientist: Billionaire Brain, Anxiety & Addictions",2025-05-18T14:00:00Z,1780000,51600,2480,5040,Health & Brain Science,3.0382022471910113,0.02898876404494382,High Engagement,@rajshamani,Raj Shamani,5800000
mock-figuring-out-influence,The Psychology Of Seduction & Influence,2025-04-09T14:00:00Z,2210000,67300,3140,4560,Psychology & Focus,3.1873303167420812,0.030452488687782806,High Engagement,@rajshamani,Raj Shamani,5800000
mock-figuring-out-business-growth,"Building a Business That Lasts: Growth, Risk & Decision-Making",2025-03-16T14:00:00Z,1640000,48900,2020,4320,Business & Growth,3.104878048780488,0.029817073170731706,High Engagement,@rajshamani,Raj Shamani,5800000
mock-dopamine-and-motivation,"Andrew Huberman: Dopamine, Motivation and Building Better Habits",2025-03-02T14:00:00Z,2400000,143000,9000,4920,Psychology & Focus,6.333333333333334,0.059583333333333335,Viral Hit,@rajshamani,Raj Shamani,5800000
mock-rewire-brain-success,How to Rewire Your Brain for Success: A Neuroscientist Explains,2025-02-18T14:00:00Z,1800000,105000,7600,4680,Health & Brain Science,6.2555555555555555,0.058333333333333334,Viral Hit,@rajshamani,Raj Shamani,5800000
mock-billionaire-founder-mindset,"Inside a Billionaire Founder's Mind: Risk, Failure and Growth",2025-02-04T14:00:00Z,2100000,102000,8000,5100,Business & Growth,5.238095238095238,0.04857142857142857,Viral Hit,@rajshamani,Raj Shamani,5800000
mock-protect-world-leaders,How Security Teams Protect World Leaders from Real Threats,2025-01-21T14:00:00Z,1200000,68000,5000,4260,Leadership,6.083333333333334,0.056666666666666664,Viral Hit,@rajshamani,Raj Shamani,5800000
mock-stop-procrastinating,Why We Procrastinate and How to Take Back Your Focus,2025-01-08T14:00:00Z,950000,57000,4400,3900,Psychology & Focus,6.463157894736842,0.06,Viral Hit,@rajshamani,Raj Shamani,5800000
mock-sleep-and-performance,"The Science of Sleep: Brain Health, Memory and Performance",2024-12-24T14:00:00Z,1500000,78000,6000,4500,Health & Brain Science,5.6000000000000005,0.052,Viral Hit,@rajshamani,Raj Shamani,5800000
mock-building-wealth,"Building Wealth from Zero: Investing, Patience and Discipline",2024-12-10T14:00:00Z,1100000,66000,4500,4380,Business & Growth,6.409090909090908,0.06,Viral Hit,@rajshamani,Raj Shamani,5800000
mock-leadership-pressure,How Great Leaders Make Decisions Under Pressure,2024-11-26T14:00:00Z,830000,47000,3300,3960,Leadership,6.0602409638554215,0.056626506024096385,Viral Hit,@rajshamani,Raj Shamani,5800000
mock-focus-distracted-world,Focus in a Distracted World: Practical Tools for Deep Work,2024-11-12T14:00:00Z,1300000,68000,5100,4140,Psychology & Focus,5.623076923076923,0.052307692307692305,Viral Hit,@rajshamani,Raj Shamani,5800000
mock-nutrition-mental-clarity,"Nutrition, Gut Health and Mental Clarity Explained",2024-10-29T14:00:00Z,1700000,70000,4100,4800,Health & Brain Science,4.358823529411765,0.041176470588235294,High Engagement,@rajshamani,Raj Shamani,5800000
mock-startup-growth,From First Customer to Global Company: Lessons in Startup Growth,2024-10-15T14:00:00Z,2700000,92000,5200,5280,Business & Growth,3.5999999999999996,0.034074074074074076,High Engagement,@rajshamani,Raj Shamani,5800000
mock-persuasive-communication,The Psychology of Persuasive Communication and Influence,2024-10-01T14:00:00Z,800000,40000,2600,3780,Leadership,5.325,0.05,Viral Hit,@rajshamani,Raj Shamani,5800000
mock-understanding-anxiety,Understanding Anxiety: What Happens in the Brain and Body,2024-09-17T14:00:00Z,1200000,60000,4800,4560,Health & Brain Science,5.4,0.05,Viral Hit,@rajshamani,Raj Shamani,5800000
mock-effective-habits,The Habits of Highly Effective People: A Practical Conversation,2024-09-03T14:00:00Z,3100000,105000,6000,4920,Psychology & Focus,3.5806451612903225,0.03387096774193549,High Engagement,@rajshamani,Raj Shamani,5800000
mock-scaling-company-culture,Scaling a Company Without Losing Its Culture,2024-08-20T14:00:00Z,650000,27000,1700,4080,Business & Growth,4.415384615384616,0.04153846153846154,High Engagement,@rajshamani,Raj Shamani,5800000
mock-confidence-charisma,"The Psychology of Confidence, Charisma and Self-Belief",2024-08-06T14:00:00Z,1400000,79000,5600,4320,Psychology & Focus,6.042857142857143,0.056428571428571425,Viral Hit,@rajshamani,Raj Shamani,5800000
mock-high-stakes-negotiation,"Inside High-Stakes Negotiations: Preparation, Patience and Trust",2024-07-23T14:00:00Z,980000,49000,3800,4500,Leadership,5.387755102040816,0.05,Viral Hit,@rajshamani,Raj Shamani,5800000
mock-ai-and-future-of-work,"The Future of AI and Work: Skills, Business and Opportunity",2024-07-09T14:00:00Z,2200000,70000,5000,4740,Business & Growth,3.4090909090909087,0.031818181818181815,High Engagement,@rajshamani,Raj Shamani,5800000
mock-understanding-addiction,A Practical Guide to Understanding Addiction and Recovery,2024-06-25T14:00:00Z,1600000,86000,7200,4860,Health & Brain Science,5.825,0.05375,Viral Hit,@rajshamani,Raj Shamani,5800000
